Country,Total_Sales
USA,76275727.4624026
UK,50978120.32738666
Germany,42177242.95131115
Australia,36638817.97507335
Canada,36326175.67829185
Unknown,215309.91814228
