Product_Brand,Total_Revenue
Pepsi,24755079.03565989
Zara,14814361.60681887
Samsung,14722917.02134797
Adidas,14672176.75645859
Sony,14666834.96635354
Penguin Books,14621571.11550981
Nestle,14617112.94713427
Nike,14593071.15313389
Coca-Cola,14591756.95928088
Bed Bath & Beyond,14565346.50084071
