Product_Category,Total_Revenue
Electronics,57192511.357644
Grocery,53962691.42792572
Clothing,44063751.16595826
Books,43662324.93996209
Home Decor,43526438.43835195
Misc,203676.98276587
