Year,Month,Monthly_Revenue
2023,April,20086722.94921742
2023,August,20730596.54825001
2023,December,20485668.12714068
2023,July,20735973.82342169
2023,June,19571314.60203577
2023,March,20963486.89841908
2023,May,20469020.07028456
2023,November,19773171.24928814
2023,October,20691592.89693667
2023,September,19561245.85545992
2024,February,19025876.10945209
2024,January,20516725.18270186
