Gender,Total_Spend
Female,91713953.60299025
Male,150897440.70961764
