Customer_Segment,Avg_Spend,Customer_Count
New,1369.5167614906154,40343
Premium,1367.4026700404618,30667
Regular,1367.517995784538,55514
